{"indoor":{"men":{"TJ":[0.46036660240429184,90.96978768045561,-514.9946082621957],"5000m":[0.0029000031486407078,-8.351976844930022,6013.400535688851],"300m":[1.8029639297595914,-209.1273599331612,6064.19838713689],"200m":[5.042898433343572,-363.0051678289851,6532.672628975112],"55mH":[30.085307708235334,-803.1373763714142,5359.772393231273],"60mH":[23.916324270583324,-698.1956612354879,5095.488749123108],"4x400m":[0.048900330305111685,-33.251668278740915,5652.691308895603],"50mH":[34.21237722424247,-844.9430290468414,5216.591321674086],"400m":[0.9810285010269799,-158.13093544796658,6372.245446826285],"600m":[0.38998611525994986,-102.17335025427508,6692.14644754563],"5000mW":[4.669995672331044E-4,-2.5217935388632102,3404.4156502698793],"50m":[95.822353862988,-1763.016532641577,8108.971505878752],"500m":[0.564971320598303,-119.76970949453585,6347.557018669007],"10,000mW":[1.1370001341667288E-4,-1.2620689961634108,3502.2382226412665],"HJ":[32.145708163377236,745.374682614208,-705.2597334942103],"2 Miles":[0.007209969187658622,-13.078823619331871,5931.217870658777],"PV":[3.0457199208831205,239.61202669610776,-280.54122299351457],"Heptathlon":[0.0,0.1863299979812803,-46.18002211678866],"1500m":[0.04199998850583529,-32.42357570362424,6257.6695810825195],"55m":[78.92276088461172,-1578.3239369813543,7890.637076624114],"4x200m":[0.3119896689487996,-89.85075766468255,6469.076514969109],"3000m":[0.008321919172358755,-13.98077552078771,5871.902505572205],"LJ":[1.9310928729677737,186.73134733630084,-479.7064044571324],"3000mW":[0.0013179978841386132,-4.230761878842774,3395.1770550896817],"60m":[68.62032200466908,-1468.37607988026,7854.9239964072685],"800m":[0.1973925610778077,-72.63927638665689,6682.687960290398],"1000m":[0.1138977865442261,-54.67002975304678,6560.289996663478],"2000m":[0.022600003527263553,-23.865373073784596,6300.39764377975],"Mile":[0.03690000741625665,-30.62665772698527,6354.9580313113265],"SP":[0.0423461435549995,57.99966265925952,-55.823610246196985]},"women":{"TJ":[0.4296645887363636,90.34304187807533,-231.66758253046712],"5000m":[8.249999296537326E-4,-3.464991324209702,3638.232291901841],"300m":[0.6595068053503125,-104.19485102763649,4115.419602850164],"200m":[1.9617476309742978,-186.35304547629198,4425.540361964081],"55mH":[13.198221547838692,-443.3395456773528,3722.947416390082],"60mH":[11.168281888959505,-406.3914848107229,3696.952238603598],"4x400m":[0.015500027841915478,-15.00387347843226,3630.8991499199265],"50mH":[16.212665326081027,-495.9578685621591,3792.8275322031996],"400m":[0.3223977808867251,-72.21408570023766,4043.8163995668274],"600m":[0.10630096102996235,-40.46755851730167,3851.3911703898643],"5000mW":[3.2460004290309555E-4,-2.0384849417874977,3200.4161664441094],"50m":[33.04624345234507,-799.5823293287011,4836.413712902488],"500m":[0.1713983583612669,-51.58928019811467,3881.973891845799],"10,000mW":[0.0,-1.007938348572989,3235.4805917027493],"HJ":[39.55790874452776,831.3655724459647,-601.5063267491719],"2 Miles":[0.002201991729895471,-5.708869030281752,3700.192917032682],"PV":[3.93257975011356,275.48968329938936,-205.12169246190527],"Pentathlon":[0.0,0.2416356713742113,-42.43645722704436],"1500m":[0.013649954143577869,-14.741826462448106,3980.2593316209477],"55m":[27.692226983741627,-728.202431907536,4786.948624095137],"4x200m":[0.08259992174056795,-35.02153700835439,3712.1957862411937],"3000m":[0.0025900005371447096,-6.215973858076117,3729.5683350888353],"LJ":[1.958114032648755,193.69548254415287,-233.9898865274016],"3000mW":[9.230001724474585E-4,-3.4003232245257906,3131.6890529705615],"60m":[24.911775442690292,-697.4127036588199,4880.840624159163],"800m":[0.057199956638407795,-30.201001015220534,3986.4574604132763],"1000m":[0.03473027366942757,-23.643965410198263,4024.13709666182],"2000m":[0.006849999624871305,-10.305069946620664,3875.7109375691316],"Mile":[0.011540015186728385,-13.513232952952965,3955.96335609725],"SP":[0.04621438764158754,60.75503111382686,-25.93194188891474]}},"outdoor":{"men":{"TJ":[0.46036660240429184,90.96978768045561,-514.9946082621957],"5000m":[0.002777997945466534,-8.000608112339254,5760.418712472778],"300m":[1.8296570247436852,-209.30430382127133,5985.805789925814],"3000mSC":[0.004315997345851988,-8.804593368707431,4490.3210797092615],"200m":[5.08332962570729,-360.82603806429427,6403.154333108175],"5km":[0.002779112591439951,-8.002589937143485,5760.829724555701],"20km":[1.0849945387864447E-4,-1.4544357630931446,4874.178186114364],"4x400m":[0.05050072203695937,-33.73384421283986,5633.448990221184],"Marathon":[0.0,-0.5329612123520153,4316.85372652976],"400m":[1.0210130425533885,-161.30922380614925,6371.289298870831],"50kmW":[0.0,-0.15802293332531084,2939.190279159151],"100km":[0.0,-0.1715553395202729,4168.75947562122],"600m":[0.38569922829519465,-99.89240864576978,6467.788691387771],"20,000mW":[0.0,-0.6235797774558269,3554.4031485660316],"25km":[0.0,-1.0749545763962636,4689.793340437805],"20kmW":[0.0,-0.6235597178340784,3554.1219906369247],"5000mW":[4.669995672331044E-4,-2.5217935388632102,3404.4156502698793],"500m":[0.5850277748046991,-121.67863906228588,6326.928029804358],"15,000mW":[0.0,-0.8396274711970357,3539.027702746499],"100m":[24.64221166330755,-837.7135408254784,7119.312511439365],"4x100m":[1.2360320753945018,-171.79529610958525,5969.431205298142],"110mH":[7.665206127559826,-395.41766965273115,5099.5225522446335],"10,000mW":[1.1370001341667288E-4,-1.2620689961634108,3502.2382226412665],"35,000mW":[0.0,-0.2799839315672711,3191.8161623562437],"2000mSC":[0.010229985822195567,-13.503484790832973,4456.117711620148],"35kmW":[0.0,-0.27997970537318173,3191.6897468940456],"400mH":[0.5459888468068493,-104.2787780129088,4979.0687486815195],"HJ":[32.145708163377236,745.374682614208,-705.2597334942103],"15kmW":[0.0,-0.8395916226973646,3538.64711611101],"2 Miles":[0.007029988518277803,-12.721403001387918,5755.1327189263575],"5kmW":[4.673316170240815E-4,-2.5226751352789534,3404.498836039326],"PV":[3.0457199208831205,239.61202669610776,-280.54122299351457],"HT":[0.0028444950947681936,15.081627308138824,-21.689011985089824],"30km":[0.0,-0.8420747408268593,4557.086860817738],"30,000mW":[0.0,-0.34130448397579405,3261.163590032502],"1500m":[0.04065992530101173,-31.307736300238858,6026.662254454998],"JT":[0.002403152489688626,13.8411868131784,-21.058250953569246],"10,000m":[5.23999442929867E-4,-3.301192525967682,5199.371486424821],"4x200m":[0.29767755480818836,-85.72750621502387,6172.13094641408],"3000m":[0.008150049932737697,-13.691983542322477,5750.592463763857],"LJ":[1.9310928729677737,186.73134733630084,-479.7064044571324],"15km":[2.1619813225111676E-4,-2.104692144509009,5122.299985161322],"3000mW":[0.0013179978841386132,-4.230761878842774,3395.1770550896817],"50,000mW":[0.0,-0.15802557747097704,2939.2753526785627],"30kmW":[0.0,-0.3412926057869247,3260.9773729428766],"Decathlon":[0.0,0.1391296438011344,-48.95860256479206],"800m":[0.1980049254240715,-72.071360390698,6558.281603197655],"1000m":[0.11229987245968664,-53.341296876505865,6334.142779327789],"3kmW":[0.001318863876462877,-4.232300411922087,3395.3467675143497],"DT":[0.004006312901617551,17.892060501031025,-27.187774646024337],"2000m":[0.021810031812473263,-23.031167821417554,6080.168871820126],"10 Miles":[1.852498521025382E-4,-1.9447905029826795,5104.302716211439],"Mile":[0.03509967760328382,-29.132456259051906,6044.924547013259],"10km":[5.243835511751961E-4,-3.3026590281582964,5200.274036312072],"10kmW":[1.1369880949881942E-4,-1.2619474331486606,3501.5994292764854],"SP":[0.0423461435549995,57.99966265925952,-55.823610246196985],"HM":[0.0,-1.352189290138756,4827.020676450808]},"women":{"TJ":[0.4296645887363636,90.34304187807533,-231.66758253046712],"5000m":[8.079992470755665E-4,-3.3935897885514335,3563.2616780070734],"300m":[0.699974336404671,-107.79032021627944,4149.692833386852],"3000mSC":[0.0013229981350113685,-3.9954423351189576,3016.5498521755835],"200m":[2.242223714925222,-204.0146445160108,4640.727341815966],